group,category,"report begin date","report end date","published date","market location name","market location city","market location state",commodity,"market type","market type category","slug id","slug name","report title","final ind",community,region,"sale Type",application,freight,quality,grade,"other Grades","price Unit","lot Desc",organic,origin,package,"volume Unit","price min","price max","mostly low price","mostly high price","report narrative","commodity narrative","secondary source info",methodology
Cheddar,"Hard Products",12/26/2011,12/30/2011,"12/26/2011 00:00:00",N/A,N/A,N/A,Cheese,"Point of Sale - Dairy","Dairy Market",1084,MD_DA810,"Cheese - Northeastern U.S.",Final,Dairy,Northeast,N/A,N/A,,Edible,N/A,N/A,"Dollars per Pound",,N/A,N/A,"40 pound Block",N/A,1.8775,2.1525,,,N/A,N/A,N/A,N/A
"Process American","Hard Products",12/26/2011,12/30/2011,"12/26/2011 00:00:00",N/A,N/A,N/A,Cheese,"Point of Sale - Dairy","Dairy Market",1084,MD_DA810,"Cheese - Northeastern U.S.",Final,Dairy,Northeast,N/A,N/A,,Edible,N/A,N/A,"Dollars per Pound",,N/A,N/A,"5 pound Sliced",N/A,1.66,1.78,,,N/A,N/A,N/A,N/A
Muenster,"Hard Products",12/26/2011,12/30/2011,"12/26/2011 00:00:00",N/A,N/A,N/A,Cheese,"Point of Sale - Dairy","Dairy Market",1084,MD_DA810,"Cheese - Northeastern U.S.",Final,Dairy,Northeast,N/A,N/A,,Edible,N/A,N/A,"Dollars per Pound",,N/A,N/A,N/A,N/A,1.8975,2.225,,,N/A,N/A,N/A,N/A
Swiss,"Hard Products",12/26/2011,12/30/2011,"12/26/2011 00:00:00",N/A,N/A,N/A,Cheese,"Point of Sale - Dairy","Dairy Market",1084,MD_DA810,"Cheese - Northeastern U.S.",Final,Dairy,Northeast,N/A,N/A,,Edible,N/A,N/A,"Dollars per Pound",,N/A,N/A,"10-14 pound Cuts",N/A,3.52,3.8425,,,N/A,N/A,N/A,N/A
Cheddar,"Hard Products",12/19/2011,12/23/2011,"12/19/2011 00:00:00",N/A,N/A,N/A,Cheese,"Point of Sale - Dairy","Dairy Market",1084,MD_DA810,"Cheese - Northeastern U.S.",Final,Dairy,Northeast,N/A,N/A,,Edible,N/A,N/A,"Dollars per Pound",,N/A,N/A,"40 pound Block",N/A,1.905,2.18,,,N/A,N/A,N/A,N/A
"Process American","Hard Products",12/19/2011,12/23/2011,"12/19/2011 00:00:00",N/A,N/A,N/A,Cheese,"Point of Sale - Dairy","Dairy Market",1084,MD_DA810,"Cheese - Northeastern U.S.",Final,Dairy,Northeast,N/A,N/A,,Edible,N/A,N/A,"Dollars per Pound",,N/A,N/A,"5 pound Sliced",N/A,1.6575,1.7775,,,N/A,N/A,N/A,N/A
Muenster,"Hard Products",12/19/2011,12/23/2011,"12/19/2011 00:00:00",N/A,N/A,N/A,Cheese,"Point of Sale - Dairy","Dairy Market",1084,MD_DA810,"Cheese - Northeastern U.S.",Final,Dairy,Northeast,N/A,N/A,,Edible,N/A,N/A,"Dollars per Pound",,N/A,N/A,N/A,N/A,1.925,2.2525,,,N/A,N/A,N/A,N/A
Swiss,"Hard Products",12/19/2011,12/23/2011,"12/19/2011 00:00:00",N/A,N/A,N/A,Cheese,"Point of Sale - Dairy","Dairy Market",1084,MD_DA810,"Cheese - Northeastern U.S.",Final,Dairy,Northeast,N/A,N/A,,Edible,N/A,N/A,"Dollars per Pound",,N/A,N/A,"10-14 pound Cuts",N/A,3.52,3.8425,,,N/A,N/A,N/A,N/A
Cheddar,"Hard Products",12/12/2011,12/16/2011,"12/12/2011 00:00:00",N/A,N/A,N/A,Cheese,"Point of Sale - Dairy","Dairy Market",1084,MD_DA810,"Cheese - Northeastern U.S.",Final,Dairy,Northeast,N/A,N/A,,Edible,N/A,N/A,"Dollars per Pound",,N/A,N/A,"40 pound Block",N/A,2,2.275,,,N/A,N/A,N/A,N/A
"Process American","Hard Products",12/12/2011,12/16/2011,"12/12/2011 00:00:00",N/A,N/A,N/A,Cheese,"Point of Sale - Dairy","Dairy Market",1084,MD_DA810,"Cheese - Northeastern U.S.",Final,Dairy,Northeast,N/A,N/A,,Edible,N/A,N/A,"Dollars per Pound",,N/A,N/A,"5 pound Sliced",N/A,1.7225,1.8425,,,N/A,N/A,N/A,N/A
Muenster,"Hard Products",12/12/2011,12/16/2011,"12/12/2011 00:00:00",N/A,N/A,N/A,Cheese,"Point of Sale - Dairy","Dairy Market",1084,MD_DA810,"Cheese - Northeastern U.S.",Final,Dairy,Northeast,N/A,N/A,,Edible,N/A,N/A,"Dollars per Pound",,N/A,N/A,N/A,N/A,2.02,2.3475,,,N/A,N/A,N/A,N/A
Swiss,"Hard Products",12/12/2011,12/16/2011,"12/12/2011 00:00:00",N/A,N/A,N/A,Cheese,"Point of Sale - Dairy","Dairy Market",1084,MD_DA810,"Cheese - Northeastern U.S.",Final,Dairy,Northeast,N/A,N/A,,Edible,N/A,N/A,"Dollars per Pound",,N/A,N/A,"10-14 pound Cuts",N/A,3.52,3.8425,,,N/A,N/A,N/A,N/A
Cheddar,"Hard Products",12/05/2011,12/09/2011,"12/05/2011 00:00:00",N/A,N/A,N/A,Cheese,"Point of Sale - Dairy","Dairy Market",1084,MD_DA810,"Cheese - Northeastern U.S.",Final,Dairy,Northeast,N/A,N/A,,Edible,N/A,N/A,"Dollars per Pound",,N/A,N/A,"40 pound Block",N/A,2.095,2.37,,,N/A,N/A,N/A,N/A
"Process American","Hard Products",12/05/2011,12/09/2011,"12/05/2011 00:00:00",N/A,N/A,N/A,Cheese,"Point of Sale - Dairy","Dairy Market",1084,MD_DA810,"Cheese - Northeastern U.S.",Final,Dairy,Northeast,N/A,N/A,,Edible,N/A,N/A,"Dollars per Pound",,N/A,N/A,"5 pound Sliced",N/A,1.865,1.985,,,N/A,N/A,N/A,N/A
Muenster,"Hard Products",12/05/2011,12/09/2011,"12/05/2011 00:00:00",N/A,N/A,N/A,Cheese,"Point of Sale - Dairy","Dairy Market",1084,MD_DA810,"Cheese - Northeastern U.S.",Final,Dairy,Northeast,N/A,N/A,,Edible,N/A,N/A,"Dollars per Pound",,N/A,N/A,N/A,N/A,2.115,2.4425,,,N/A,N/A,N/A,N/A
Swiss,"Hard Products",12/05/2011,12/09/2011,"12/05/2011 00:00:00",N/A,N/A,N/A,Cheese,"Point of Sale - Dairy","Dairy Market",1084,MD_DA810,"Cheese - Northeastern U.S.",Final,Dairy,Northeast,N/A,N/A,,Edible,N/A,N/A,"Dollars per Pound",,N/A,N/A,"10-14 pound Cuts",N/A,3.52,3.8425,,,N/A,N/A,N/A,N/A
Cheddar,"Hard Products",11/28/2011,12/02/2011,"11/28/2011 00:00:00",N/A,N/A,N/A,Cheese,"Point of Sale - Dairy","Dairy Market",1084,MD_DA810,"Cheese - Northeastern U.S.",Final,Dairy,Northeast,N/A,N/A,,Edible,N/A,N/A,"Dollars per Pound",,N/A,N/A,"40 pound Block",N/A,2.13,2.405,,,N/A,N/A,N/A,N/A
"Process American","Hard Products",11/28/2011,12/02/2011,"11/28/2011 00:00:00",N/A,N/A,N/A,Cheese,"Point of Sale - Dairy","Dairy Market",1084,MD_DA810,"Cheese - Northeastern U.S.",Final,Dairy,Northeast,N/A,N/A,,Edible,N/A,N/A,"Dollars per Pound",,N/A,N/A,"5 pound Sliced",N/A,1.95,2.07,,,N/A,N/A,N/A,N/A
Muenster,"Hard Products",11/28/2011,12/02/2011,"11/28/2011 00:00:00",N/A,N/A,N/A,Cheese,"Point of Sale - Dairy","Dairy Market",1084,MD_DA810,"Cheese - Northeastern U.S.",Final,Dairy,Northeast,N/A,N/A,,Edible,N/A,N/A,"Dollars per Pound",,N/A,N/A,N/A,N/A,2.15,2.4775,,,N/A,N/A,N/A,N/A
Swiss,"Hard Products",11/28/2011,12/02/2011,"11/28/2011 00:00:00",N/A,N/A,N/A,Cheese,"Point of Sale - Dairy","Dairy Market",1084,MD_DA810,"Cheese - Northeastern U.S.",Final,Dairy,Northeast,N/A,N/A,,Edible,N/A,N/A,"Dollars per Pound",,N/A,N/A,"10-14 pound Cuts",N/A,3.6375,3.96,,,N/A,N/A,N/A,N/A
Cheddar,"Hard Products",11/21/2011,11/25/2011,"11/21/2011 00:00:00",N/A,N/A,N/A,Cheese,"Point of Sale - Dairy","Dairy Market",1084,MD_DA810,"Cheese - Northeastern U.S.",Final,Dairy,Northeast,N/A,N/A,,Edible,N/A,N/A,"Dollars per Pound",,N/A,N/A,"40 pound Block",N/A,2.27,2.545,,,N/A,N/A,N/A,N/A
"Process American","Hard Products",11/21/2011,11/25/2011,"11/21/2011 00:00:00",N/A,N/A,N/A,Cheese,"Point of Sale - Dairy","Dairy Market",1084,MD_DA810,"Cheese - Northeastern U.S.",Final,Dairy,Northeast,N/A,N/A,,Edible,N/A,N/A,"Dollars per Pound",,N/A,N/A,"5 pound Sliced",N/A,2.105,2.225,,,N/A,N/A,N/A,N/A
Muenster,"Hard Products",11/21/2011,11/25/2011,"11/21/2011 00:00:00",N/A,N/A,N/A,Cheese,"Point of Sale - Dairy","Dairy Market",1084,MD_DA810,"Cheese - Northeastern U.S.",Final,Dairy,Northeast,N/A,N/A,,Edible,N/A,N/A,"Dollars per Pound",,N/A,N/A,N/A,N/A,2.29,2.6175,,,N/A,N/A,N/A,N/A
Swiss,"Hard Products",11/21/2011,11/25/2011,"11/21/2011 00:00:00",N/A,N/A,N/A,Cheese,"Point of Sale - Dairy","Dairy Market",1084,MD_DA810,"Cheese - Northeastern U.S.",Final,Dairy,Northeast,N/A,N/A,,Edible,N/A,N/A,"Dollars per Pound",,N/A,N/A,"10-14 pound Cuts",N/A,3.6375,3.96,,,N/A,N/A,N/A,N/A
Cheddar,"Hard Products",11/14/2011,11/18/2011,"11/14/2011 00:00:00",N/A,N/A,N/A,Cheese,"Point of Sale - Dairy","Dairy Market",1084,MD_DA810,"Cheese - Northeastern U.S.",Final,Dairy,Northeast,N/A,N/A,,Edible,N/A,N/A,"Dollars per Pound",,N/A,N/A,"40 pound Block",N/A,2.22,2.495,,,N/A,N/A,N/A,N/A
"Process American","Hard Products",11/14/2011,11/18/2011,"11/14/2011 00:00:00",N/A,N/A,N/A,Cheese,"Point of Sale - Dairy","Dairy Market",1084,MD_DA810,"Cheese - Northeastern U.S.",Final,Dairy,Northeast,N/A,N/A,,Edible,N/A,N/A,"Dollars per Pound",,N/A,N/A,"5 pound Sliced",N/A,2.05,2.17,,,N/A,N/A,N/A,N/A
Muenster,"Hard Products",11/14/2011,11/18/2011,"11/14/2011 00:00:00",N/A,N/A,N/A,Cheese,"Point of Sale - Dairy","Dairy Market",1084,MD_DA810,"Cheese - Northeastern U.S.",Final,Dairy,Northeast,N/A,N/A,,Edible,N/A,N/A,"Dollars per Pound",,N/A,N/A,N/A,N/A,2.24,2.5675,,,N/A,N/A,N/A,N/A
Swiss,"Hard Products",11/14/2011,11/18/2011,"11/14/2011 00:00:00",N/A,N/A,N/A,Cheese,"Point of Sale - Dairy","Dairy Market",1084,MD_DA810,"Cheese - Northeastern U.S.",Final,Dairy,Northeast,N/A,N/A,,Edible,N/A,N/A,"Dollars per Pound",,N/A,N/A,"10-14 pound Cuts",N/A,3.6375,3.96,,,N/A,N/A,N/A,N/A
Cheddar,"Hard Products",11/07/2011,11/11/2011,"11/07/2011 00:00:00",N/A,N/A,N/A,Cheese,"Point of Sale - Dairy","Dairy Market",1084,MD_DA810,"Cheese - Northeastern U.S.",Final,Dairy,Northeast,N/A,N/A,,Edible,N/A,N/A,"Dollars per Pound",,N/A,N/A,"40 pound Block",N/A,2.1275,2.4025,,,N/A,N/A,N/A,N/A
"Process American","Hard Products",11/07/2011,11/11/2011,"11/07/2011 00:00:00",N/A,N/A,N/A,Cheese,"Point of Sale - Dairy","Dairy Market",1084,MD_DA810,"Cheese - Northeastern U.S.",Final,Dairy,Northeast,N/A,N/A,,Edible,N/A,N/A,"Dollars per Pound",,N/A,N/A,"5 pound Sliced",N/A,1.94,2.25,,,N/A,N/A,N/A,N/A
Muenster,"Hard Products",11/07/2011,11/11/2011,"11/07/2011 00:00:00",N/A,N/A,N/A,Cheese,"Point of Sale - Dairy","Dairy Market",1084,MD_DA810,"Cheese - Northeastern U.S.",Final,Dairy,Northeast,N/A,N/A,,Edible,N/A,N/A,"Dollars per Pound",,N/A,N/A,N/A,N/A,2.1475,2.3525,,,N/A,N/A,N/A,N/A
Swiss,"Hard Products",11/07/2011,11/11/2011,"11/07/2011 00:00:00",N/A,N/A,N/A,Cheese,"Point of Sale - Dairy","Dairy Market",1084,MD_DA810,"Cheese - Northeastern U.S.",Final,Dairy,Northeast,N/A,N/A,,Edible,N/A,N/A,"Dollars per Pound",,N/A,N/A,"10-14 pound Cuts",N/A,3.6375,3.96,,,N/A,N/A,N/A,N/A
Cheddar,"Hard Products",10/31/2011,11/04/2011,"10/31/2011 00:00:00",N/A,N/A,N/A,Cheese,"Point of Sale - Dairy","Dairy Market",1084,MD_DA810,"Cheese - Northeastern U.S.",Final,Dairy,Northeast,N/A,N/A,,Edible,N/A,N/A,"Dollars per Pound",,N/A,N/A,"40 pound Block",N/A,2.0425,2.3175,,,N/A,N/A,N/A,N/A
"Process American","Hard Products",10/31/2011,11/04/2011,"10/31/2011 00:00:00",N/A,N/A,N/A,Cheese,"Point of Sale - Dairy","Dairy Market",1084,MD_DA810,"Cheese - Northeastern U.S.",Final,Dairy,Northeast,N/A,N/A,,Edible,N/A,N/A,"Dollars per Pound",,N/A,N/A,"5 pound Sliced",N/A,1.85,2.16,,,N/A,N/A,N/A,N/A
Muenster,"Hard Products",10/31/2011,11/04/2011,"10/31/2011 00:00:00",N/A,N/A,N/A,Cheese,"Point of Sale - Dairy","Dairy Market",1084,MD_DA810,"Cheese - Northeastern U.S.",Final,Dairy,Northeast,N/A,N/A,,Edible,N/A,N/A,"Dollars per Pound",,N/A,N/A,N/A,N/A,2.0625,2.2675,,,N/A,N/A,N/A,N/A
Swiss,"Hard Products",10/31/2011,11/04/2011,"10/31/2011 00:00:00",N/A,N/A,N/A,Cheese,"Point of Sale - Dairy","Dairy Market",1084,MD_DA810,"Cheese - Northeastern U.S.",Final,Dairy,Northeast,N/A,N/A,,Edible,N/A,N/A,"Dollars per Pound",,N/A,N/A,"10-14 pound Cuts",N/A,3.9325,4.255,,,N/A,N/A,N/A,N/A
Cheddar,"Hard Products",10/24/2011,10/28/2011,"10/24/2011 00:00:00",N/A,N/A,N/A,Cheese,"Point of Sale - Dairy","Dairy Market",1084,MD_DA810,"Cheese - Northeastern U.S.",Final,Dairy,Northeast,N/A,N/A,,Edible,N/A,N/A,"Dollars per Pound",,N/A,N/A,"40 pound Block",N/A,2.035,2.31,,,N/A,N/A,N/A,N/A
"Process American","Hard Products",10/24/2011,10/28/2011,"10/24/2011 00:00:00",N/A,N/A,N/A,Cheese,"Point of Sale - Dairy","Dairy Market",1084,MD_DA810,"Cheese - Northeastern U.S.",Final,Dairy,Northeast,N/A,N/A,,Edible,N/A,N/A,"Dollars per Pound",,N/A,N/A,"5 pound Sliced",N/A,1.815,2.125,,,N/A,N/A,N/A,N/A
Muenster,"Hard Products",10/24/2011,10/28/2011,"10/24/2011 00:00:00",N/A,N/A,N/A,Cheese,"Point of Sale - Dairy","Dairy Market",1084,MD_DA810,"Cheese - Northeastern U.S.",Final,Dairy,Northeast,N/A,N/A,,Edible,N/A,N/A,"Dollars per Pound",,N/A,N/A,N/A,N/A,2.055,2.26,,,N/A,N/A,N/A,N/A
Swiss,"Hard Products",10/24/2011,10/28/2011,"10/24/2011 00:00:00",N/A,N/A,N/A,Cheese,"Point of Sale - Dairy","Dairy Market",1084,MD_DA810,"Cheese - Northeastern U.S.",Final,Dairy,Northeast,N/A,N/A,,Edible,N/A,N/A,"Dollars per Pound",,N/A,N/A,"10-14 pound Cuts",N/A,3.9325,4.255,,,N/A,N/A,N/A,N/A
Cheddar,"Hard Products",10/17/2011,10/21/2011,"10/17/2011 00:00:00",N/A,N/A,N/A,Cheese,"Point of Sale - Dairy","Dairy Market",1084,MD_DA810,"Cheese - Northeastern U.S.",Final,Dairy,Northeast,N/A,N/A,,Edible,N/A,N/A,"Dollars per Pound",,N/A,N/A,"40 pound Block",N/A,2.02,2.295,,,N/A,N/A,N/A,N/A
"Process American","Hard Products",10/17/2011,10/21/2011,"10/17/2011 00:00:00",N/A,N/A,N/A,Cheese,"Point of Sale - Dairy","Dairy Market",1084,MD_DA810,"Cheese - Northeastern U.S.",Final,Dairy,Northeast,N/A,N/A,,Edible,N/A,N/A,"Dollars per Pound",,N/A,N/A,"5 pound Sliced",N/A,1.83,2.14,,,N/A,N/A,N/A,N/A
Muenster,"Hard Products",10/17/2011,10/21/2011,"10/17/2011 00:00:00",N/A,N/A,N/A,Cheese,"Point of Sale - Dairy","Dairy Market",1084,MD_DA810,"Cheese - Northeastern U.S.",Final,Dairy,Northeast,N/A,N/A,,Edible,N/A,N/A,"Dollars per Pound",,N/A,N/A,N/A,N/A,2.04,2.245,,,N/A,N/A,N/A,N/A
Swiss,"Hard Products",10/17/2011,10/21/2011,"10/17/2011 00:00:00",N/A,N/A,N/A,Cheese,"Point of Sale - Dairy","Dairy Market",1084,MD_DA810,"Cheese - Northeastern U.S.",Final,Dairy,Northeast,N/A,N/A,,Edible,N/A,N/A,"Dollars per Pound",,N/A,N/A,"10-14 pound Cuts",N/A,3.9325,4.255,,,N/A,N/A,N/A,N/A
Cheddar,"Hard Products",10/10/2011,10/14/2011,"10/10/2011 00:00:00",N/A,N/A,N/A,Cheese,"Point of Sale - Dairy","Dairy Market",1084,MD_DA810,"Cheese - Northeastern U.S.",Final,Dairy,Northeast,N/A,N/A,,Edible,N/A,N/A,"Dollars per Pound",,N/A,N/A,"40 pound Block",N/A,2.05,2.325,,,N/A,N/A,N/A,N/A
"Process American","Hard Products",10/10/2011,10/14/2011,"10/10/2011 00:00:00",N/A,N/A,N/A,Cheese,"Point of Sale - Dairy","Dairy Market",1084,MD_DA810,"Cheese - Northeastern U.S.",Final,Dairy,Northeast,N/A,N/A,,Edible,N/A,N/A,"Dollars per Pound",,N/A,N/A,"5 pound Sliced",N/A,1.81,2.12,,,N/A,N/A,N/A,N/A
Muenster,"Hard Products",10/10/2011,10/14/2011,"10/10/2011 00:00:00",N/A,N/A,N/A,Cheese,"Point of Sale - Dairy","Dairy Market",1084,MD_DA810,"Cheese - Northeastern U.S.",Final,Dairy,Northeast,N/A,N/A,,Edible,N/A,N/A,"Dollars per Pound",,N/A,N/A,N/A,N/A,2.07,2.275,,,N/A,N/A,N/A,N/A
Swiss,"Hard Products",10/10/2011,10/14/2011,"10/10/2011 00:00:00",N/A,N/A,N/A,Cheese,"Point of Sale - Dairy","Dairy Market",1084,MD_DA810,"Cheese - Northeastern U.S.",Final,Dairy,Northeast,N/A,N/A,,Edible,N/A,N/A,"Dollars per Pound",,N/A,N/A,"10-14 pound Cuts",N/A,3.9325,4.255,,,N/A,N/A,N/A,N/A
Cheddar,"Hard Products",10/03/2011,10/07/2011,"10/03/2011 00:00:00",N/A,N/A,N/A,Cheese,"Point of Sale - Dairy","Dairy Market",1084,MD_DA810,"Cheese - Northeastern U.S.",Final,Dairy,Northeast,N/A,N/A,,Edible,N/A,N/A,"Dollars per Pound",,N/A,N/A,"40 pound Block",N/A,2.0375,2.3125,,,N/A,N/A,N/A,N/A
"Process American","Hard Products",10/03/2011,10/07/2011,"10/03/2011 00:00:00",N/A,N/A,N/A,Cheese,"Point of Sale - Dairy","Dairy Market",1084,MD_DA810,"Cheese - Northeastern U.S.",Final,Dairy,Northeast,N/A,N/A,,Edible,N/A,N/A,"Dollars per Pound",,N/A,N/A,"5 pound Sliced",N/A,1.7675,2.0775,,,N/A,N/A,N/A,N/A
Muenster,"Hard Products",10/03/2011,10/07/2011,"10/03/2011 00:00:00",N/A,N/A,N/A,Cheese,"Point of Sale - Dairy","Dairy Market",1084,MD_DA810,"Cheese - Northeastern U.S.",Final,Dairy,Northeast,N/A,N/A,,Edible,N/A,N/A,"Dollars per Pound",,N/A,N/A,N/A,N/A,2.0575,2.2625,,,N/A,N/A,N/A,N/A
Swiss,"Hard Products",10/03/2011,10/07/2011,"10/03/2011 00:00:00",N/A,N/A,N/A,Cheese,"Point of Sale - Dairy","Dairy Market",1084,MD_DA810,"Cheese - Northeastern U.S.",Final,Dairy,Northeast,N/A,N/A,,Edible,N/A,N/A,"Dollars per Pound",,N/A,N/A,"10-14 pound Cuts",N/A,3.9325,4.255,,,N/A,N/A,N/A,N/A
Cheddar,"Hard Products",09/26/2011,09/30/2011,"09/26/2011 00:00:00",N/A,N/A,N/A,Cheese,"Point of Sale - Dairy","Dairy Market",1084,MD_DA810,"Cheese - Northeastern U.S.",Final,Dairy,Northeast,N/A,N/A,,Edible,N/A,N/A,"Dollars per Pound",,N/A,N/A,"40 pound Block",N/A,2.0425,2.3175,,,N/A,N/A,N/A,N/A
"Process American","Hard Products",09/26/2011,09/30/2011,"09/26/2011 00:00:00",N/A,N/A,N/A,Cheese,"Point of Sale - Dairy","Dairy Market",1084,MD_DA810,"Cheese - Northeastern U.S.",Final,Dairy,Northeast,N/A,N/A,,Edible,N/A,N/A,"Dollars per Pound",,N/A,N/A,"5 pound Sliced",N/A,1.7875,2.0975,,,N/A,N/A,N/A,N/A
Muenster,"Hard Products",09/26/2011,09/30/2011,"09/26/2011 00:00:00",N/A,N/A,N/A,Cheese,"Point of Sale - Dairy","Dairy Market",1084,MD_DA810,"Cheese - Northeastern U.S.",Final,Dairy,Northeast,N/A,N/A,,Edible,N/A,N/A,"Dollars per Pound",,N/A,N/A,N/A,N/A,2.0625,2.2675,,,N/A,N/A,N/A,N/A
Swiss,"Hard Products",09/26/2011,09/30/2011,"09/26/2011 00:00:00",N/A,N/A,N/A,Cheese,"Point of Sale - Dairy","Dairy Market",1084,MD_DA810,"Cheese - Northeastern U.S.",Final,Dairy,Northeast,N/A,N/A,,Edible,N/A,N/A,"Dollars per Pound",,N/A,N/A,"10-14 pound Cuts",N/A,3.9,4.2225,,,N/A,N/A,N/A,N/A
Cheddar,"Hard Products",09/19/2011,09/23/2011,"09/19/2011 00:00:00",N/A,N/A,N/A,Cheese,"Point of Sale - Dairy","Dairy Market",1084,MD_DA810,"Cheese - Northeastern U.S.",Final,Dairy,Northeast,N/A,N/A,,Edible,N/A,N/A,"Dollars per Pound",,N/A,N/A,"40 pound Block",N/A,2.1,2.375,,,N/A,N/A,N/A,N/A
"Process American","Hard Products",09/19/2011,09/23/2011,"09/19/2011 00:00:00",N/A,N/A,N/A,Cheese,"Point of Sale - Dairy","Dairy Market",1084,MD_DA810,"Cheese - Northeastern U.S.",Final,Dairy,Northeast,N/A,N/A,,Edible,N/A,N/A,"Dollars per Pound",,N/A,N/A,"5 pound Sliced",N/A,1.835,2.145,,,N/A,N/A,N/A,N/A
Muenster,"Hard Products",09/19/2011,09/23/2011,"09/19/2011 00:00:00",N/A,N/A,N/A,Cheese,"Point of Sale - Dairy","Dairy Market",1084,MD_DA810,"Cheese - Northeastern U.S.",Final,Dairy,Northeast,N/A,N/A,,Edible,N/A,N/A,"Dollars per Pound",,N/A,N/A,N/A,N/A,2.12,2.325,,,N/A,N/A,N/A,N/A
Swiss,"Hard Products",09/19/2011,09/23/2011,"09/19/2011 00:00:00",N/A,N/A,N/A,Cheese,"Point of Sale - Dairy","Dairy Market",1084,MD_DA810,"Cheese - Northeastern U.S.",Final,Dairy,Northeast,N/A,N/A,,Edible,N/A,N/A,"Dollars per Pound",,N/A,N/A,"10-14 pound Cuts",N/A,3.9,4.2225,,,N/A,N/A,N/A,N/A
Cheddar,"Hard Products",09/12/2011,09/16/2011,"09/12/2011 00:00:00",N/A,N/A,N/A,Cheese,"Point of Sale - Dairy","Dairy Market",1084,MD_DA810,"Cheese - Northeastern U.S.",Final,Dairy,Northeast,N/A,N/A,,Edible,N/A,N/A,"Dollars per Pound",,N/A,N/A,"40 pound Block",N/A,2.1075,2.3825,,,N/A,N/A,N/A,N/A
"Process American","Hard Products",09/12/2011,09/16/2011,"09/12/2011 00:00:00",N/A,N/A,N/A,Cheese,"Point of Sale - Dairy","Dairy Market",1084,MD_DA810,"Cheese - Northeastern U.S.",Final,Dairy,Northeast,N/A,N/A,,Edible,N/A,N/A,"Dollars per Pound",,N/A,N/A,"5 pound Sliced",N/A,1.84,2.15,,,N/A,N/A,N/A,N/A
Muenster,"Hard Products",09/12/2011,09/16/2011,"09/12/2011 00:00:00",N/A,N/A,N/A,Cheese,"Point of Sale - Dairy","Dairy Market",1084,MD_DA810,"Cheese - Northeastern U.S.",Final,Dairy,Northeast,N/A,N/A,,Edible,N/A,N/A,"Dollars per Pound",,N/A,N/A,N/A,N/A,2.1275,2.3325,,,N/A,N/A,N/A,N/A
Swiss,"Hard Products",09/12/2011,09/16/2011,"09/12/2011 00:00:00",N/A,N/A,N/A,Cheese,"Point of Sale - Dairy","Dairy Market",1084,MD_DA810,"Cheese - Northeastern U.S.",Final,Dairy,Northeast,N/A,N/A,,Edible,N/A,N/A,"Dollars per Pound",,N/A,N/A,"10-14 pound Cuts",N/A,3.9,4.2225,,,N/A,N/A,N/A,N/A
Cheddar,"Hard Products",09/05/2011,09/09/2011,"09/05/2011 00:00:00",N/A,N/A,N/A,Cheese,"Point of Sale - Dairy","Dairy Market",1084,MD_DA810,"Cheese - Northeastern U.S.",Final,Dairy,Northeast,N/A,N/A,,Edible,N/A,N/A,"Dollars per Pound",,N/A,N/A,"40 pound Block",N/A,2.1075,2.3825,,,N/A,N/A,N/A,N/A
"Process American","Hard Products",09/05/2011,09/09/2011,"09/05/2011 00:00:00",N/A,N/A,N/A,Cheese,"Point of Sale - Dairy","Dairy Market",1084,MD_DA810,"Cheese - Northeastern U.S.",Final,Dairy,Northeast,N/A,N/A,,Edible,N/A,N/A,"Dollars per Pound",,N/A,N/A,"5 pound Sliced",N/A,1.8375,2.1475,,,N/A,N/A,N/A,N/A
Muenster,"Hard Products",09/05/2011,09/09/2011,"09/05/2011 00:00:00",N/A,N/A,N/A,Cheese,"Point of Sale - Dairy","Dairy Market",1084,MD_DA810,"Cheese - Northeastern U.S.",Final,Dairy,Northeast,N/A,N/A,,Edible,N/A,N/A,"Dollars per Pound",,N/A,N/A,N/A,N/A,2.1275,2.3325,,,N/A,N/A,N/A,N/A
Swiss,"Hard Products",09/05/2011,09/09/2011,"09/05/2011 00:00:00",N/A,N/A,N/A,Cheese,"Point of Sale - Dairy","Dairy Market",1084,MD_DA810,"Cheese - Northeastern U.S.",Final,Dairy,Northeast,N/A,N/A,,Edible,N/A,N/A,"Dollars per Pound",,N/A,N/A,"10-14 pound Cuts",N/A,3.9,4.2225,,,N/A,N/A,N/A,N/A
Cheddar,"Hard Products",08/29/2011,09/02/2011,"08/29/2011 00:00:00",N/A,N/A,N/A,Cheese,"Point of Sale - Dairy","Dairy Market",1084,MD_DA810,"Cheese - Northeastern U.S.",Final,Dairy,Northeast,N/A,N/A,,Edible,N/A,N/A,"Dollars per Pound",,N/A,N/A,"40 pound Block",N/A,2.1075,2.3825,,,N/A,N/A,N/A,N/A
"Process American","Hard Products",08/29/2011,09/02/2011,"08/29/2011 00:00:00",N/A,N/A,N/A,Cheese,"Point of Sale - Dairy","Dairy Market",1084,MD_DA810,"Cheese - Northeastern U.S.",Final,Dairy,Northeast,N/A,N/A,,Edible,N/A,N/A,"Dollars per Pound",,N/A,N/A,"5 pound Sliced",N/A,1.86,2.17,,,N/A,N/A,N/A,N/A
Muenster,"Hard Products",08/29/2011,09/02/2011,"08/29/2011 00:00:00",N/A,N/A,N/A,Cheese,"Point of Sale - Dairy","Dairy Market",1084,MD_DA810,"Cheese - Northeastern U.S.",Final,Dairy,Northeast,N/A,N/A,,Edible,N/A,N/A,"Dollars per Pound",,N/A,N/A,N/A,N/A,2.1275,2.3325,,,N/A,N/A,N/A,N/A
Swiss,"Hard Products",08/29/2011,09/02/2011,"08/29/2011 00:00:00",N/A,N/A,N/A,Cheese,"Point of Sale - Dairy","Dairy Market",1084,MD_DA810,"Cheese - Northeastern U.S.",Final,Dairy,Northeast,N/A,N/A,,Edible,N/A,N/A,"Dollars per Pound",,N/A,N/A,"10-14 pound Cuts",N/A,3.6425,3.965,,,N/A,N/A,N/A,N/A
Cheddar,"Hard Products",08/22/2011,08/26/2011,"08/22/2011 00:00:00",N/A,N/A,N/A,Cheese,"Point of Sale - Dairy","Dairy Market",1084,MD_DA810,"Cheese - Northeastern U.S.",Final,Dairy,Northeast,N/A,N/A,,Edible,N/A,N/A,"Dollars per Pound",,N/A,N/A,"40 pound Block",N/A,2.3025,2.5775,,,N/A,N/A,N/A,N/A
"Process American","Hard Products",08/22/2011,08/26/2011,"08/22/2011 00:00:00",N/A,N/A,N/A,Cheese,"Point of Sale - Dairy","Dairy Market",1084,MD_DA810,"Cheese - Northeastern U.S.",Final,Dairy,Northeast,N/A,N/A,,Edible,N/A,N/A,"Dollars per Pound",,N/A,N/A,"5 pound Sliced",N/A,2.09,2.4,,,N/A,N/A,N/A,N/A
Muenster,"Hard Products",08/22/2011,08/26/2011,"08/22/2011 00:00:00",N/A,N/A,N/A,Cheese,"Point of Sale - Dairy","Dairy Market",1084,MD_DA810,"Cheese - Northeastern U.S.",Final,Dairy,Northeast,N/A,N/A,,Edible,N/A,N/A,"Dollars per Pound",,N/A,N/A,N/A,N/A,2.3225,2.5275,,,N/A,N/A,N/A,N/A
Swiss,"Hard Products",08/22/2011,08/26/2011,"08/22/2011 00:00:00",N/A,N/A,N/A,Cheese,"Point of Sale - Dairy","Dairy Market",1084,MD_DA810,"Cheese - Northeastern U.S.",Final,Dairy,Northeast,N/A,N/A,,Edible,N/A,N/A,"Dollars per Pound",,N/A,N/A,"10-14 pound Cuts",N/A,3.6425,3.965,,,N/A,N/A,N/A,N/A
Cheddar,"Hard Products",08/15/2011,08/19/2011,"08/15/2011 00:00:00",N/A,N/A,N/A,Cheese,"Point of Sale - Dairy","Dairy Market",1084,MD_DA810,"Cheese - Northeastern U.S.",Final,Dairy,Northeast,N/A,N/A,,Edible,N/A,N/A,"Dollars per Pound",,N/A,N/A,"40 pound Block",N/A,2.4,2.675,,,N/A,N/A,N/A,N/A
"Process American","Hard Products",08/15/2011,08/19/2011,"08/15/2011 00:00:00",N/A,N/A,N/A,Cheese,"Point of Sale - Dairy","Dairy Market",1084,MD_DA810,"Cheese - Northeastern U.S.",Final,Dairy,Northeast,N/A,N/A,,Edible,N/A,N/A,"Dollars per Pound",,N/A,N/A,"5 pound Sliced",N/A,2.22,2.53,,,N/A,N/A,N/A,N/A
Muenster,"Hard Products",08/15/2011,08/19/2011,"08/15/2011 00:00:00",N/A,N/A,N/A,Cheese,"Point of Sale - Dairy","Dairy Market",1084,MD_DA810,"Cheese - Northeastern U.S.",Final,Dairy,Northeast,N/A,N/A,,Edible,N/A,N/A,"Dollars per Pound",,N/A,N/A,N/A,N/A,2.42,2.625,,,N/A,N/A,N/A,N/A
Swiss,"Hard Products",08/15/2011,08/19/2011,"08/15/2011 00:00:00",N/A,N/A,N/A,Cheese,"Point of Sale - Dairy","Dairy Market",1084,MD_DA810,"Cheese - Northeastern U.S.",Final,Dairy,Northeast,N/A,N/A,,Edible,N/A,N/A,"Dollars per Pound",,N/A,N/A,"10-14 pound Cuts",N/A,3.6425,3.965,,,N/A,N/A,N/A,N/A
Cheddar,"Hard Products",08/08/2011,08/12/2011,"08/08/2011 00:00:00",N/A,N/A,N/A,Cheese,"Point of Sale - Dairy","Dairy Market",1084,MD_DA810,"Cheese - Northeastern U.S.",Final,Dairy,Northeast,N/A,N/A,,Edible,N/A,N/A,"Dollars per Pound",,N/A,N/A,"40 pound Block",N/A,2.4625,2.7375,,,N/A,N/A,N/A,N/A
"Process American","Hard Products",08/08/2011,08/12/2011,"08/08/2011 00:00:00",N/A,N/A,N/A,Cheese,"Point of Sale - Dairy","Dairy Market",1084,MD_DA810,"Cheese - Northeastern U.S.",Final,Dairy,Northeast,N/A,N/A,,Edible,N/A,N/A,"Dollars per Pound",,N/A,N/A,"5 pound Sliced",N/A,2.24,2.55,,,N/A,N/A,N/A,N/A
Muenster,"Hard Products",08/08/2011,08/12/2011,"08/08/2011 00:00:00",N/A,N/A,N/A,Cheese,"Point of Sale - Dairy","Dairy Market",1084,MD_DA810,"Cheese - Northeastern U.S.",Final,Dairy,Northeast,N/A,N/A,,Edible,N/A,N/A,"Dollars per Pound",,N/A,N/A,N/A,N/A,2.4825,2.6875,,,N/A,N/A,N/A,N/A
Swiss,"Hard Products",08/08/2011,08/12/2011,"08/08/2011 00:00:00",N/A,N/A,N/A,Cheese,"Point of Sale - Dairy","Dairy Market",1084,MD_DA810,"Cheese - Northeastern U.S.",Final,Dairy,Northeast,N/A,N/A,,Edible,N/A,N/A,"Dollars per Pound",,N/A,N/A,"10-14 pound Cuts",N/A,3.6425,3.965,,,N/A,N/A,N/A,N/A
Cheddar,"Hard Products",08/01/2011,08/05/2011,"08/01/2011 00:00:00",N/A,N/A,N/A,Cheese,"Point of Sale - Dairy","Dairy Market",1084,MD_DA810,"Cheese - Northeastern U.S.",Final,Dairy,Northeast,N/A,N/A,,Edible,N/A,N/A,"Dollars per Pound",,N/A,N/A,"40 pound Block",N/A,2.475,2.75,,,N/A,N/A,N/A,N/A
"Process American","Hard Products",08/01/2011,08/05/2011,"08/01/2011 00:00:00",N/A,N/A,N/A,Cheese,"Point of Sale - Dairy","Dairy Market",1084,MD_DA810,"Cheese - Northeastern U.S.",Final,Dairy,Northeast,N/A,N/A,,Edible,N/A,N/A,"Dollars per Pound",,N/A,N/A,"5 pound Sliced",N/A,2.2375,2.5475,,,N/A,N/A,N/A,N/A
Muenster,"Hard Products",08/01/2011,08/05/2011,"08/01/2011 00:00:00",N/A,N/A,N/A,Cheese,"Point of Sale - Dairy","Dairy Market",1084,MD_DA810,"Cheese - Northeastern U.S.",Final,Dairy,Northeast,N/A,N/A,,Edible,N/A,N/A,"Dollars per Pound",,N/A,N/A,N/A,N/A,2.495,2.7,,,N/A,N/A,N/A,N/A
Swiss,"Hard Products",08/01/2011,08/05/2011,"08/01/2011 00:00:00",N/A,N/A,N/A,Cheese,"Point of Sale - Dairy","Dairy Market",1084,MD_DA810,"Cheese - Northeastern U.S.",Final,Dairy,Northeast,N/A,N/A,,Edible,N/A,N/A,"Dollars per Pound",,N/A,N/A,"10-14 pound Cuts",N/A,3.3475,3.67,,,N/A,N/A,N/A,N/A
Cheddar,"Hard Products",07/25/2011,07/29/2011,"07/25/2011 00:00:00",N/A,N/A,N/A,Cheese,"Point of Sale - Dairy","Dairy Market",1084,MD_DA810,"Cheese - Northeastern U.S.",Final,Dairy,Northeast,N/A,N/A,,Edible,N/A,N/A,"Dollars per Pound",,N/A,N/A,"40 pound Block",N/A,2.46,2.735,,,N/A,N/A,N/A,N/A
"Process American","Hard Products",07/25/2011,07/29/2011,"07/25/2011 00:00:00",N/A,N/A,N/A,Cheese,"Point of Sale - Dairy","Dairy Market",1084,MD_DA810,"Cheese - Northeastern U.S.",Final,Dairy,Northeast,N/A,N/A,,Edible,N/A,N/A,"Dollars per Pound",,N/A,N/A,"5 pound Sliced",N/A,2.225,2.535,,,N/A,N/A,N/A,N/A
Muenster,"Hard Products",07/25/2011,07/29/2011,"07/25/2011 00:00:00",N/A,N/A,N/A,Cheese,"Point of Sale - Dairy","Dairy Market",1084,MD_DA810,"Cheese - Northeastern U.S.",Final,Dairy,Northeast,N/A,N/A,,Edible,N/A,N/A,"Dollars per Pound",,N/A,N/A,N/A,N/A,2.48,2.685,,,N/A,N/A,N/A,N/A
Swiss,"Hard Products",07/25/2011,07/29/2011,"07/25/2011 00:00:00",N/A,N/A,N/A,Cheese,"Point of Sale - Dairy","Dairy Market",1084,MD_DA810,"Cheese - Northeastern U.S.",Final,Dairy,Northeast,N/A,N/A,,Edible,N/A,N/A,"Dollars per Pound",,N/A,N/A,"10-14 pound Cuts",N/A,3.3475,3.67,,,N/A,N/A,N/A,N/A
Cheddar,"Hard Products",07/18/2011,07/22/2011,"07/18/2011 00:00:00",N/A,N/A,N/A,Cheese,"Point of Sale - Dairy","Dairy Market",1084,MD_DA810,"Cheese - Northeastern U.S.",Final,Dairy,Northeast,N/A,N/A,,Edible,N/A,N/A,"Dollars per Pound",,N/A,N/A,"40 pound Block",N/A,2.37,2.645,,,N/A,N/A,N/A,N/A
"Process American","Hard Products",07/18/2011,07/22/2011,"07/18/2011 00:00:00",N/A,N/A,N/A,Cheese,"Point of Sale - Dairy","Dairy Market",1084,MD_DA810,"Cheese - Northeastern U.S.",Final,Dairy,Northeast,N/A,N/A,,Edible,N/A,N/A,"Dollars per Pound",,N/A,N/A,"5 pound Sliced",N/A,2.2125,2.5225,,,N/A,N/A,N/A,N/A
Muenster,"Hard Products",07/18/2011,07/22/2011,"07/18/2011 00:00:00",N/A,N/A,N/A,Cheese,"Point of Sale - Dairy","Dairy Market",1084,MD_DA810,"Cheese - Northeastern U.S.",Final,Dairy,Northeast,N/A,N/A,,Edible,N/A,N/A,"Dollars per Pound",,N/A,N/A,N/A,N/A,2.39,2.595,,,N/A,N/A,N/A,N/A
Swiss,"Hard Products",07/18/2011,07/22/2011,"07/18/2011 00:00:00",N/A,N/A,N/A,Cheese,"Point of Sale - Dairy","Dairy Market",1084,MD_DA810,"Cheese - Northeastern U.S.",Final,Dairy,Northeast,N/A,N/A,,Edible,N/A,N/A,"Dollars per Pound",,N/A,N/A,"10-14 pound Cuts",N/A,3.3475,3.67,,,N/A,N/A,N/A,N/A
Cheddar,"Hard Products",07/11/2011,07/15/2011,"07/11/2011 00:00:00",N/A,N/A,N/A,Cheese,"Point of Sale - Dairy","Dairy Market",1084,MD_DA810,"Cheese - Northeastern U.S.",Final,Dairy,Northeast,N/A,N/A,,Edible,N/A,N/A,"Dollars per Pound",,N/A,N/A,"40 pound Block",N/A,2.4325,2.7075,,,N/A,N/A,N/A,N/A
"Process American","Hard Products",07/11/2011,07/15/2011,"07/11/2011 00:00:00",N/A,N/A,N/A,Cheese,"Point of Sale - Dairy","Dairy Market",1084,MD_DA810,"Cheese - Northeastern U.S.",Final,Dairy,Northeast,N/A,N/A,,Edible,N/A,N/A,"Dollars per Pound",,N/A,N/A,"5 pound Sliced",N/A,2.21,2.52,,,N/A,N/A,N/A,N/A
Muenster,"Hard Products",07/11/2011,07/15/2011,"07/11/2011 00:00:00",N/A,N/A,N/A,Cheese,"Point of Sale - Dairy","Dairy Market",1084,MD_DA810,"Cheese - Northeastern U.S.",Final,Dairy,Northeast,N/A,N/A,,Edible,N/A,N/A,"Dollars per Pound",,N/A,N/A,N/A,N/A,2.4525,2.6575,,,N/A,N/A,N/A,N/A
Swiss,"Hard Products",07/11/2011,07/15/2011,"07/11/2011 00:00:00",N/A,N/A,N/A,Cheese,"Point of Sale - Dairy","Dairy Market",1084,MD_DA810,"Cheese - Northeastern U.S.",Final,Dairy,Northeast,N/A,N/A,,Edible,N/A,N/A,"Dollars per Pound",,N/A,N/A,"10-14 pound Cuts",N/A,3.3475,3.67,,,N/A,N/A,N/A,N/A
Cheddar,"Hard Products",07/04/2011,07/08/2011,"07/04/2011 00:00:00",N/A,N/A,N/A,Cheese,"Point of Sale - Dairy","Dairy Market",1084,MD_DA810,"Cheese - Northeastern U.S.",Final,Dairy,Northeast,N/A,N/A,,Edible,N/A,N/A,"Dollars per Pound",,N/A,N/A,"40 pound Block",N/A,2.4475,2.7225,,,N/A,N/A,N/A,N/A
"Process American","Hard Products",07/04/2011,07/08/2011,"07/04/2011 00:00:00",N/A,N/A,N/A,Cheese,"Point of Sale - Dairy","Dairy Market",1084,MD_DA810,"Cheese - Northeastern U.S.",Final,Dairy,Northeast,N/A,N/A,,Edible,N/A,N/A,"Dollars per Pound",,N/A,N/A,"5 pound Sliced",N/A,2.1925,2.5025,,,N/A,N/A,N/A,N/A
Muenster,"Hard Products",07/04/2011,07/08/2011,"07/04/2011 00:00:00",N/A,N/A,N/A,Cheese,"Point of Sale - Dairy","Dairy Market",1084,MD_DA810,"Cheese - Northeastern U.S.",Final,Dairy,Northeast,N/A,N/A,,Edible,N/A,N/A,"Dollars per Pound",,N/A,N/A,N/A,N/A,2.4675,2.6725,,,N/A,N/A,N/A,N/A
Swiss,"Hard Products",07/04/2011,07/08/2011,"07/04/2011 00:00:00",N/A,N/A,N/A,Cheese,"Point of Sale - Dairy","Dairy Market",1084,MD_DA810,"Cheese - Northeastern U.S.",Final,Dairy,Northeast,N/A,N/A,,Edible,N/A,N/A,"Dollars per Pound",,N/A,N/A,"10-14 pound Cuts",N/A,3.3475,3.67,,,N/A,N/A,N/A,N/A
Cheddar,"Hard Products",06/27/2011,07/01/2011,"06/27/2011 00:00:00",N/A,N/A,N/A,Cheese,"Point of Sale - Dairy","Dairy Market",1084,MD_DA810,"Cheese - Northeastern U.S.",Final,Dairy,Northeast,N/A,N/A,,Edible,N/A,N/A,"Dollars per Pound",,N/A,N/A,"40 pound Block",N/A,2.4475,2.7225,,,N/A,N/A,N/A,N/A
"Process American","Hard Products",06/27/2011,07/01/2011,"06/27/2011 00:00:00",N/A,N/A,N/A,Cheese,"Point of Sale - Dairy","Dairy Market",1084,MD_DA810,"Cheese - Northeastern U.S.",Final,Dairy,Northeast,N/A,N/A,,Edible,N/A,N/A,"Dollars per Pound",,N/A,N/A,"5 pound Sliced",N/A,2.1775,2.4875,,,N/A,N/A,N/A,N/A
Muenster,"Hard Products",06/27/2011,07/01/2011,"06/27/2011 00:00:00",N/A,N/A,N/A,Cheese,"Point of Sale - Dairy","Dairy Market",1084,MD_DA810,"Cheese - Northeastern U.S.",Final,Dairy,Northeast,N/A,N/A,,Edible,N/A,N/A,"Dollars per Pound",,N/A,N/A,N/A,N/A,2.4675,2.6725,,,N/A,N/A,N/A,N/A
Swiss,"Hard Products",06/27/2011,07/01/2011,"06/27/2011 00:00:00",N/A,N/A,N/A,Cheese,"Point of Sale - Dairy","Dairy Market",1084,MD_DA810,"Cheese - Northeastern U.S.",Final,Dairy,Northeast,N/A,N/A,,Edible,N/A,N/A,"Dollars per Pound",,N/A,N/A,"10-14 pound Cuts",N/A,3.3875,3.71,,,N/A,N/A,N/A,N/A
Cheddar,"Hard Products",06/20/2011,06/24/2011,"06/20/2011 00:00:00",N/A,N/A,N/A,Cheese,"Point of Sale - Dairy","Dairy Market",1084,MD_DA810,"Cheese - Northeastern U.S.",Final,Dairy,Northeast,N/A,N/A,,Edible,N/A,N/A,"Dollars per Pound",,N/A,N/A,"40 pound Block",N/A,2.43,2.705,,,N/A,N/A,N/A,N/A
"Process American","Hard Products",06/20/2011,06/24/2011,"06/20/2011 00:00:00",N/A,N/A,N/A,Cheese,"Point of Sale - Dairy","Dairy Market",1084,MD_DA810,"Cheese - Northeastern U.S.",Final,Dairy,Northeast,N/A,N/A,,Edible,N/A,N/A,"Dollars per Pound",,N/A,N/A,"5 pound Sliced",N/A,2.18,2.49,,,N/A,N/A,N/A,N/A
Muenster,"Hard Products",06/20/2011,06/24/2011,"06/20/2011 00:00:00",N/A,N/A,N/A,Cheese,"Point of Sale - Dairy","Dairy Market",1084,MD_DA810,"Cheese - Northeastern U.S.",Final,Dairy,Northeast,N/A,N/A,,Edible,N/A,N/A,"Dollars per Pound",,N/A,N/A,N/A,N/A,2.45,2.655,,,N/A,N/A,N/A,N/A
Swiss,"Hard Products",06/20/2011,06/24/2011,"06/20/2011 00:00:00",N/A,N/A,N/A,Cheese,"Point of Sale - Dairy","Dairy Market",1084,MD_DA810,"Cheese - Northeastern U.S.",Final,Dairy,Northeast,N/A,N/A,,Edible,N/A,N/A,"Dollars per Pound",,N/A,N/A,"10-14 pound Cuts",N/A,3.3875,3.71,,,N/A,N/A,N/A,N/A
Cheddar,"Hard Products",06/13/2011,06/17/2011,"06/13/2011 00:00:00",N/A,N/A,N/A,Cheese,"Point of Sale - Dairy","Dairy Market",1084,MD_DA810,"Cheese - Northeastern U.S.",Final,Dairy,Northeast,N/A,N/A,,Edible,N/A,N/A,"Dollars per Pound",,N/A,N/A,"40 pound Block",N/A,2.4275,2.7025,,,N/A,N/A,N/A,N/A
"Process American","Hard Products",06/13/2011,06/17/2011,"06/13/2011 00:00:00",N/A,N/A,N/A,Cheese,"Point of Sale - Dairy","Dairy Market",1084,MD_DA810,"Cheese - Northeastern U.S.",Final,Dairy,Northeast,N/A,N/A,,Edible,N/A,N/A,"Dollars per Pound",,N/A,N/A,"5 pound Sliced",N/A,2.1675,2.4775,,,N/A,N/A,N/A,N/A
Muenster,"Hard Products",06/13/2011,06/17/2011,"06/13/2011 00:00:00",N/A,N/A,N/A,Cheese,"Point of Sale - Dairy","Dairy Market",1084,MD_DA810,"Cheese - Northeastern U.S.",Final,Dairy,Northeast,N/A,N/A,,Edible,N/A,N/A,"Dollars per Pound",,N/A,N/A,N/A,N/A,2.4475,2.6525,,,N/A,N/A,N/A,N/A
Swiss,"Hard Products",06/13/2011,06/17/2011,"06/13/2011 00:00:00",N/A,N/A,N/A,Cheese,"Point of Sale - Dairy","Dairy Market",1084,MD_DA810,"Cheese - Northeastern U.S.",Final,Dairy,Northeast,N/A,N/A,,Edible,N/A,N/A,"Dollars per Pound",,N/A,N/A,"10-14 pound Cuts",N/A,3.3875,3.71,,,N/A,N/A,N/A,N/A
Cheddar,"Hard Products",06/06/2011,06/10/2011,"06/06/2011 00:00:00",N/A,N/A,N/A,Cheese,"Point of Sale - Dairy","Dairy Market",1084,MD_DA810,"Cheese - Northeastern U.S.",Final,Dairy,Northeast,N/A,N/A,,Edible,N/A,N/A,"Dollars per Pound",,N/A,N/A,"40 pound Block",N/A,2.26,2.535,,,N/A,N/A,N/A,N/A
"Process American","Hard Products",06/06/2011,06/10/2011,"06/06/2011 00:00:00",N/A,N/A,N/A,Cheese,"Point of Sale - Dairy","Dairy Market",1084,MD_DA810,"Cheese - Northeastern U.S.",Final,Dairy,Northeast,N/A,N/A,,Edible,N/A,N/A,"Dollars per Pound",,N/A,N/A,"5 pound Sliced",N/A,2.005,2.315,,,N/A,N/A,N/A,N/A
Muenster,"Hard Products",06/06/2011,06/10/2011,"06/06/2011 00:00:00",N/A,N/A,N/A,Cheese,"Point of Sale - Dairy","Dairy Market",1084,MD_DA810,"Cheese - Northeastern U.S.",Final,Dairy,Northeast,N/A,N/A,,Edible,N/A,N/A,"Dollars per Pound",,N/A,N/A,N/A,N/A,2.28,2.485,,,N/A,N/A,N/A,N/A
Swiss,"Hard Products",06/06/2011,06/10/2011,"06/06/2011 00:00:00",N/A,N/A,N/A,Cheese,"Point of Sale - Dairy","Dairy Market",1084,MD_DA810,"Cheese - Northeastern U.S.",Final,Dairy,Northeast,N/A,N/A,,Edible,N/A,N/A,"Dollars per Pound",,N/A,N/A,"10-14 pound Cuts",N/A,3.3875,3.71,,,N/A,N/A,N/A,N/A
Cheddar,"Hard Products",05/30/2011,06/03/2011,"05/30/2011 00:00:00",N/A,N/A,N/A,Cheese,"Point of Sale - Dairy","Dairy Market",1084,MD_DA810,"Cheese - Northeastern U.S.",Final,Dairy,Northeast,N/A,N/A,,Edible,N/A,N/A,"Dollars per Pound",,N/A,N/A,"40 pound Block",N/A,2.0825,2.3575,,,N/A,N/A,N/A,N/A
"Process American","Hard Products",05/30/2011,06/03/2011,"05/30/2011 00:00:00",N/A,N/A,N/A,Cheese,"Point of Sale - Dairy","Dairy Market",1084,MD_DA810,"Cheese - Northeastern U.S.",Final,Dairy,Northeast,N/A,N/A,,Edible,N/A,N/A,"Dollars per Pound",,N/A,N/A,"5 pound Sliced",N/A,1.87,2.18,,,N/A,N/A,N/A,N/A
Muenster,"Hard Products",05/30/2011,06/03/2011,"05/30/2011 00:00:00",N/A,N/A,N/A,Cheese,"Point of Sale - Dairy","Dairy Market",1084,MD_DA810,"Cheese - Northeastern U.S.",Final,Dairy,Northeast,N/A,N/A,,Edible,N/A,N/A,"Dollars per Pound",,N/A,N/A,N/A,N/A,2.1025,2.3075,,,N/A,N/A,N/A,N/A
Swiss,"Hard Products",05/30/2011,06/03/2011,"05/30/2011 00:00:00",N/A,N/A,N/A,Cheese,"Point of Sale - Dairy","Dairy Market",1084,MD_DA810,"Cheese - Northeastern U.S.",Final,Dairy,Northeast,N/A,N/A,,Edible,N/A,N/A,"Dollars per Pound",,N/A,N/A,"10-14 pound Cuts",N/A,3.6675,3.99,,,N/A,N/A,N/A,N/A
Cheddar,"Hard Products",05/23/2011,05/27/2011,"05/23/2011 00:00:00",N/A,N/A,N/A,Cheese,"Point of Sale - Dairy","Dairy Market",1084,MD_DA810,"Cheese - Northeastern U.S.",Final,Dairy,Northeast,N/A,N/A,,Edible,N/A,N/A,"Dollars per Pound",,N/A,N/A,"40 pound Block",N/A,1.9875,2.2625,,,N/A,N/A,N/A,N/A
"Process American","Hard Products",05/23/2011,05/27/2011,"05/23/2011 00:00:00",N/A,N/A,N/A,Cheese,"Point of Sale - Dairy","Dairy Market",1084,MD_DA810,"Cheese - Northeastern U.S.",Final,Dairy,Northeast,N/A,N/A,,Edible,N/A,N/A,"Dollars per Pound",,N/A,N/A,"5 pound Sliced",N/A,1.78,2.09,,,N/A,N/A,N/A,N/A
Muenster,"Hard Products",05/23/2011,05/27/2011,"05/23/2011 00:00:00",N/A,N/A,N/A,Cheese,"Point of Sale - Dairy","Dairy Market",1084,MD_DA810,"Cheese - Northeastern U.S.",Final,Dairy,Northeast,N/A,N/A,,Edible,N/A,N/A,"Dollars per Pound",,N/A,N/A,N/A,N/A,2.0075,2.2125,,,N/A,N/A,N/A,N/A
Swiss,"Hard Products",05/23/2011,05/27/2011,"05/23/2011 00:00:00",N/A,N/A,N/A,Cheese,"Point of Sale - Dairy","Dairy Market",1084,MD_DA810,"Cheese - Northeastern U.S.",Final,Dairy,Northeast,N/A,N/A,,Edible,N/A,N/A,"Dollars per Pound",,N/A,N/A,"10-14 pound Cuts",N/A,3.6675,3.99,,,N/A,N/A,N/A,N/A
Cheddar,"Hard Products",05/16/2011,05/20/2011,"05/16/2011 00:00:00",N/A,N/A,N/A,Cheese,"Point of Sale - Dairy","Dairy Market",1084,MD_DA810,"Cheese - Northeastern U.S.",Final,Dairy,Northeast,N/A,N/A,,Edible,N/A,N/A,"Dollars per Pound",,N/A,N/A,"40 pound Block",N/A,1.95,2.225,,,N/A,N/A,N/A,N/A
"Process American","Hard Products",05/16/2011,05/20/2011,"05/16/2011 00:00:00",N/A,N/A,N/A,Cheese,"Point of Sale - Dairy","Dairy Market",1084,MD_DA810,"Cheese - Northeastern U.S.",Final,Dairy,Northeast,N/A,N/A,,Edible,N/A,N/A,"Dollars per Pound",,N/A,N/A,"5 pound Sliced",N/A,1.76,2.07,,,N/A,N/A,N/A,N/A
Muenster,"Hard Products",05/16/2011,05/20/2011,"05/16/2011 00:00:00",N/A,N/A,N/A,Cheese,"Point of Sale - Dairy","Dairy Market",1084,MD_DA810,"Cheese - Northeastern U.S.",Final,Dairy,Northeast,N/A,N/A,,Edible,N/A,N/A,"Dollars per Pound",,N/A,N/A,N/A,N/A,1.97,2.175,,,N/A,N/A,N/A,N/A
Swiss,"Hard Products",05/16/2011,05/20/2011,"05/16/2011 00:00:00",N/A,N/A,N/A,Cheese,"Point of Sale - Dairy","Dairy Market",1084,MD_DA810,"Cheese - Northeastern U.S.",Final,Dairy,Northeast,N/A,N/A,,Edible,N/A,N/A,"Dollars per Pound",,N/A,N/A,"10-14 pound Cuts",N/A,3.6675,3.99,,,N/A,N/A,N/A,N/A
Cheddar,"Hard Products",05/09/2011,05/13/2011,"05/09/2011 00:00:00",N/A,N/A,N/A,Cheese,"Point of Sale - Dairy","Dairy Market",1084,MD_DA810,"Cheese - Northeastern U.S.",Final,Dairy,Northeast,N/A,N/A,,Edible,N/A,N/A,"Dollars per Pound",,N/A,N/A,"40 pound Block",N/A,1.9575,2.2325,,,N/A,N/A,N/A,N/A
"Process American","Hard Products",05/09/2011,05/13/2011,"05/09/2011 00:00:00",N/A,N/A,N/A,Cheese,"Point of Sale - Dairy","Dairy Market",1084,MD_DA810,"Cheese - Northeastern U.S.",Final,Dairy,Northeast,N/A,N/A,,Edible,N/A,N/A,"Dollars per Pound",,N/A,N/A,"5 pound Sliced",N/A,1.745,2.055,,,N/A,N/A,N/A,N/A
Muenster,"Hard Products",05/09/2011,05/13/2011,"05/09/2011 00:00:00",N/A,N/A,N/A,Cheese,"Point of Sale - Dairy","Dairy Market",1084,MD_DA810,"Cheese - Northeastern U.S.",Final,Dairy,Northeast,N/A,N/A,,Edible,N/A,N/A,"Dollars per Pound",,N/A,N/A,N/A,N/A,1.9775,2.1825,,,N/A,N/A,N/A,N/A
Swiss,"Hard Products",05/09/2011,05/13/2011,"05/09/2011 00:00:00",N/A,N/A,N/A,Cheese,"Point of Sale - Dairy","Dairy Market",1084,MD_DA810,"Cheese - Northeastern U.S.",Final,Dairy,Northeast,N/A,N/A,,Edible,N/A,N/A,"Dollars per Pound",,N/A,N/A,"10-14 pound Cuts",N/A,3.6675,3.99,,,N/A,N/A,N/A,N/A
Cheddar,"Hard Products",05/02/2011,05/06/2011,"05/02/2011 00:00:00",N/A,N/A,N/A,Cheese,"Point of Sale - Dairy","Dairy Market",1084,MD_DA810,"Cheese - Northeastern U.S.",Final,Dairy,Northeast,N/A,N/A,,Edible,N/A,N/A,"Dollars per Pound",,N/A,N/A,"40 pound Block",N/A,1.9225,2.1975,,,N/A,N/A,N/A,N/A
"Process American","Hard Products",05/02/2011,05/06/2011,"05/02/2011 00:00:00",N/A,N/A,N/A,Cheese,"Point of Sale - Dairy","Dairy Market",1084,MD_DA810,"Cheese - Northeastern U.S.",Final,Dairy,Northeast,N/A,N/A,,Edible,N/A,N/A,"Dollars per Pound",,N/A,N/A,"5 pound Sliced",N/A,1.7,2.01,,,N/A,N/A,N/A,N/A
Muenster,"Hard Products",05/02/2011,05/06/2011,"05/02/2011 00:00:00",N/A,N/A,N/A,Cheese,"Point of Sale - Dairy","Dairy Market",1084,MD_DA810,"Cheese - Northeastern U.S.",Final,Dairy,Northeast,N/A,N/A,,Edible,N/A,N/A,"Dollars per Pound",,N/A,N/A,N/A,N/A,1.9425,2.1475,,,N/A,N/A,N/A,N/A
Swiss,"Hard Products",05/02/2011,05/06/2011,"05/02/2011 00:00:00",N/A,N/A,N/A,Cheese,"Point of Sale - Dairy","Dairy Market",1084,MD_DA810,"Cheese - Northeastern U.S.",Final,Dairy,Northeast,N/A,N/A,,Edible,N/A,N/A,"Dollars per Pound",,N/A,N/A,"10-14 pound Cuts",N/A,3.6675,3.99,,,N/A,N/A,N/A,N/A
Cheddar,"Hard Products",04/25/2011,04/29/2011,"04/25/2011 00:00:00",N/A,N/A,N/A,Cheese,"Point of Sale - Dairy","Dairy Market",1084,MD_DA810,"Cheese - Northeastern U.S.",Final,Dairy,Northeast,N/A,N/A,,Edible,N/A,N/A,"Dollars per Pound",,N/A,N/A,"40 pound Block",N/A,1.93,2.205,,,N/A,N/A,N/A,N/A
"Process American","Hard Products",04/25/2011,04/29/2011,"04/25/2011 00:00:00",N/A,N/A,N/A,Cheese,"Point of Sale - Dairy","Dairy Market",1084,MD_DA810,"Cheese - Northeastern U.S.",Final,Dairy,Northeast,N/A,N/A,,Edible,N/A,N/A,"Dollars per Pound",,N/A,N/A,"5 pound Sliced",N/A,1.695,2.005,,,N/A,N/A,N/A,N/A
Muenster,"Hard Products",04/25/2011,04/29/2011,"04/25/2011 00:00:00",N/A,N/A,N/A,Cheese,"Point of Sale - Dairy","Dairy Market",1084,MD_DA810,"Cheese - Northeastern U.S.",Final,Dairy,Northeast,N/A,N/A,,Edible,N/A,N/A,"Dollars per Pound",,N/A,N/A,N/A,N/A,1.95,2.155,,,N/A,N/A,N/A,N/A
Swiss,"Hard Products",04/25/2011,04/29/2011,"04/25/2011 00:00:00",N/A,N/A,N/A,Cheese,"Point of Sale - Dairy","Dairy Market",1084,MD_DA810,"Cheese - Northeastern U.S.",Final,Dairy,Northeast,N/A,N/A,,Edible,N/A,N/A,"Dollars per Pound",,N/A,N/A,"10-14 pound Cuts",N/A,3.4025,3.725,,,N/A,N/A,N/A,N/A
Cheddar,"Hard Products",04/18/2011,04/22/2011,"04/18/2011 00:00:00",N/A,N/A,N/A,Cheese,"Point of Sale - Dairy","Dairy Market",1084,MD_DA810,"Cheese - Northeastern U.S.",Final,Dairy,Northeast,N/A,N/A,,Edible,N/A,N/A,"Dollars per Pound",,N/A,N/A,"40 pound Block",N/A,1.94,2.215,,,N/A,N/A,N/A,N/A
"Process American","Hard Products",04/18/2011,04/22/2011,"04/18/2011 00:00:00",N/A,N/A,N/A,Cheese,"Point of Sale - Dairy","Dairy Market",1084,MD_DA810,"Cheese - Northeastern U.S.",Final,Dairy,Northeast,N/A,N/A,,Edible,N/A,N/A,"Dollars per Pound",,N/A,N/A,"5 pound Sliced",N/A,1.705,2.015,,,N/A,N/A,N/A,N/A
Muenster,"Hard Products",04/18/2011,04/22/2011,"04/18/2011 00:00:00",N/A,N/A,N/A,Cheese,"Point of Sale - Dairy","Dairy Market",1084,MD_DA810,"Cheese - Northeastern U.S.",Final,Dairy,Northeast,N/A,N/A,,Edible,N/A,N/A,"Dollars per Pound",,N/A,N/A,N/A,N/A,1.96,2.165,,,N/A,N/A,N/A,N/A
Swiss,"Hard Products",04/18/2011,04/22/2011,"04/18/2011 00:00:00",N/A,N/A,N/A,Cheese,"Point of Sale - Dairy","Dairy Market",1084,MD_DA810,"Cheese - Northeastern U.S.",Final,Dairy,Northeast,N/A,N/A,,Edible,N/A,N/A,"Dollars per Pound",,N/A,N/A,"10-14 pound Cuts",N/A,3.4025,3.725,,,N/A,N/A,N/A,N/A
Cheddar,"Hard Products",04/11/2011,04/15/2011,"04/11/2011 00:00:00",N/A,N/A,N/A,Cheese,"Point of Sale - Dairy","Dairy Market",1084,MD_DA810,"Cheese - Northeastern U.S.",Final,Dairy,Northeast,N/A,N/A,,Edible,N/A,N/A,"Dollars per Pound",,N/A,N/A,"40 pound Block",N/A,1.8975,2.1725,,,N/A,N/A,N/A,N/A
"Process American","Hard Products",04/11/2011,04/15/2011,"04/11/2011 00:00:00",N/A,N/A,N/A,Cheese,"Point of Sale - Dairy","Dairy Market",1084,MD_DA810,"Cheese - Northeastern U.S.",Final,Dairy,Northeast,N/A,N/A,,Edible,N/A,N/A,"Dollars per Pound",,N/A,N/A,"5 pound Sliced",N/A,1.6375,1.9475,,,N/A,N/A,N/A,N/A
Muenster,"Hard Products",04/11/2011,04/15/2011,"04/11/2011 00:00:00",N/A,N/A,N/A,Cheese,"Point of Sale - Dairy","Dairy Market",1084,MD_DA810,"Cheese - Northeastern U.S.",Final,Dairy,Northeast,N/A,N/A,,Edible,N/A,N/A,"Dollars per Pound",,N/A,N/A,N/A,N/A,1.9175,2.1225,,,N/A,N/A,N/A,N/A
Swiss,"Hard Products",04/11/2011,04/15/2011,"04/11/2011 00:00:00",N/A,N/A,N/A,Cheese,"Point of Sale - Dairy","Dairy Market",1084,MD_DA810,"Cheese - Northeastern U.S.",Final,Dairy,Northeast,N/A,N/A,,Edible,N/A,N/A,"Dollars per Pound",,N/A,N/A,"10-14 pound Cuts",N/A,3.4025,3.725,,,N/A,N/A,N/A,N/A
Cheddar,"Hard Products",04/04/2011,04/08/2011,"04/04/2011 00:00:00",N/A,N/A,N/A,Cheese,"Point of Sale - Dairy","Dairy Market",1084,MD_DA810,"Cheese - Northeastern U.S.",Final,Dairy,Northeast,N/A,N/A,,Edible,N/A,N/A,"Dollars per Pound",,N/A,N/A,"40 pound Block",N/A,1.9625,2.2375,,,N/A,N/A,N/A,N/A
"Process American","Hard Products",04/04/2011,04/08/2011,"04/04/2011 00:00:00",N/A,N/A,N/A,Cheese,"Point of Sale - Dairy","Dairy Market",1084,MD_DA810,"Cheese - Northeastern U.S.",Final,Dairy,Northeast,N/A,N/A,,Edible,N/A,N/A,"Dollars per Pound",,N/A,N/A,"5 pound Sliced",N/A,1.7225,2.0325,,,N/A,N/A,N/A,N/A
Muenster,"Hard Products",04/04/2011,04/08/2011,"04/04/2011 00:00:00",N/A,N/A,N/A,Cheese,"Point of Sale - Dairy","Dairy Market",1084,MD_DA810,"Cheese - Northeastern U.S.",Final,Dairy,Northeast,N/A,N/A,,Edible,N/A,N/A,"Dollars per Pound",,N/A,N/A,N/A,N/A,1.9825,2.1875,,,N/A,N/A,N/A,N/A
Swiss,"Hard Products",04/04/2011,04/08/2011,"04/04/2011 00:00:00",N/A,N/A,N/A,Cheese,"Point of Sale - Dairy","Dairy Market",1084,MD_DA810,"Cheese - Northeastern U.S.",Final,Dairy,Northeast,N/A,N/A,,Edible,N/A,N/A,"Dollars per Pound",,N/A,N/A,"10-14 pound Cuts",N/A,3.4025,3.725,,,N/A,N/A,N/A,N/A
Cheddar,"Hard Products",03/28/2011,04/01/2011,"03/28/2011 00:00:00",N/A,N/A,N/A,Cheese,"Point of Sale - Dairy","Dairy Market",1084,MD_DA810,"Cheese - Northeastern U.S.",Final,Dairy,Northeast,N/A,N/A,,Edible,N/A,N/A,"Dollars per Pound",,N/A,N/A,"40 pound Block",N/A,1.955,2.23,,,N/A,N/A,N/A,N/A
"Process American","Hard Products",03/28/2011,04/01/2011,"03/28/2011 00:00:00",N/A,N/A,N/A,Cheese,"Point of Sale - Dairy","Dairy Market",1084,MD_DA810,"Cheese - Northeastern U.S.",Final,Dairy,Northeast,N/A,N/A,,Edible,N/A,N/A,"Dollars per Pound",,N/A,N/A,"5 pound Sliced",N/A,1.78,2.09,,,N/A,N/A,N/A,N/A
Muenster,"Hard Products",03/28/2011,04/01/2011,"03/28/2011 00:00:00",N/A,N/A,N/A,Cheese,"Point of Sale - Dairy","Dairy Market",1084,MD_DA810,"Cheese - Northeastern U.S.",Final,Dairy,Northeast,N/A,N/A,,Edible,N/A,N/A,"Dollars per Pound",,N/A,N/A,N/A,N/A,1.975,2.18,,,N/A,N/A,N/A,N/A
Swiss,"Hard Products",03/28/2011,04/01/2011,"03/28/2011 00:00:00",N/A,N/A,N/A,Cheese,"Point of Sale - Dairy","Dairy Market",1084,MD_DA810,"Cheese - Northeastern U.S.",Final,Dairy,Northeast,N/A,N/A,,Edible,N/A,N/A,"Dollars per Pound",,N/A,N/A,"10-14 pound Cuts",N/A,3.0125,3.335,,,N/A,N/A,N/A,N/A
Cheddar,"Hard Products",03/21/2011,03/25/2011,"03/21/2011 00:00:00",N/A,N/A,N/A,Cheese,"Point of Sale - Dairy","Dairy Market",1084,MD_DA810,"Cheese - Northeastern U.S.",Final,Dairy,Northeast,N/A,N/A,,Edible,N/A,N/A,"Dollars per Pound",,N/A,N/A,"40 pound Block",N/A,2.0775,2.3525,,,N/A,N/A,N/A,N/A
"Process American","Hard Products",03/21/2011,03/25/2011,"03/21/2011 00:00:00",N/A,N/A,N/A,Cheese,"Point of Sale - Dairy","Dairy Market",1084,MD_DA810,"Cheese - Northeastern U.S.",Final,Dairy,Northeast,N/A,N/A,,Edible,N/A,N/A,"Dollars per Pound",,N/A,N/A,"5 pound Sliced",N/A,1.8875,2.1975,,,N/A,N/A,N/A,N/A
Muenster,"Hard Products",03/21/2011,03/25/2011,"03/21/2011 00:00:00",N/A,N/A,N/A,Cheese,"Point of Sale - Dairy","Dairy Market",1084,MD_DA810,"Cheese - Northeastern U.S.",Final,Dairy,Northeast,N/A,N/A,,Edible,N/A,N/A,"Dollars per Pound",,N/A,N/A,N/A,N/A,2.0975,2.3025,,,N/A,N/A,N/A,N/A
Swiss,"Hard Products",03/21/2011,03/25/2011,"03/21/2011 00:00:00",N/A,N/A,N/A,Cheese,"Point of Sale - Dairy","Dairy Market",1084,MD_DA810,"Cheese - Northeastern U.S.",Final,Dairy,Northeast,N/A,N/A,,Edible,N/A,N/A,"Dollars per Pound",,N/A,N/A,"10-14 pound Cuts",N/A,3.0125,3.335,,,N/A,N/A,N/A,N/A
Cheddar,"Hard Products",03/14/2011,03/18/2011,"03/14/2011 00:00:00",N/A,N/A,N/A,Cheese,"Point of Sale - Dairy","Dairy Market",1084,MD_DA810,"Cheese - Northeastern U.S.",Final,Dairy,Northeast,N/A,N/A,,Edible,N/A,N/A,"Dollars per Pound",,N/A,N/A,"40 pound Block",N/A,2.3325,2.6075,,,N/A,N/A,N/A,N/A
"Process American","Hard Products",03/14/2011,03/18/2011,"03/14/2011 00:00:00",N/A,N/A,N/A,Cheese,"Point of Sale - Dairy","Dairy Market",1084,MD_DA810,"Cheese - Northeastern U.S.",Final,Dairy,Northeast,N/A,N/A,,Edible,N/A,N/A,"Dollars per Pound",,N/A,N/A,"5 pound Sliced",N/A,2.08,2.39,,,N/A,N/A,N/A,N/A
Muenster,"Hard Products",03/14/2011,03/18/2011,"03/14/2011 00:00:00",N/A,N/A,N/A,Cheese,"Point of Sale - Dairy","Dairy Market",1084,MD_DA810,"Cheese - Northeastern U.S.",Final,Dairy,Northeast,N/A,N/A,,Edible,N/A,N/A,"Dollars per Pound",,N/A,N/A,N/A,N/A,2.3525,2.5575,,,N/A,N/A,N/A,N/A
Swiss,"Hard Products",03/14/2011,03/18/2011,"03/14/2011 00:00:00",N/A,N/A,N/A,Cheese,"Point of Sale - Dairy","Dairy Market",1084,MD_DA810,"Cheese - Northeastern U.S.",Final,Dairy,Northeast,N/A,N/A,,Edible,N/A,N/A,"Dollars per Pound",,N/A,N/A,"10-14 pound Cuts",N/A,3.0125,3.335,,,N/A,N/A,N/A,N/A
Cheddar,"Hard Products",03/07/2011,03/11/2011,"03/07/2011 00:00:00",N/A,N/A,N/A,Cheese,"Point of Sale - Dairy","Dairy Market",1084,MD_DA810,"Cheese - Northeastern U.S.",Final,Dairy,Northeast,N/A,N/A,,Edible,N/A,N/A,"Dollars per Pound",,N/A,N/A,"40 pound Block",N/A,2.32,2.595,,,N/A,N/A,N/A,N/A
"Process American","Hard Products",03/07/2011,03/11/2011,"03/07/2011 00:00:00",N/A,N/A,N/A,Cheese,"Point of Sale - Dairy","Dairy Market",1084,MD_DA810,"Cheese - Northeastern U.S.",Final,Dairy,Northeast,N/A,N/A,,Edible,N/A,N/A,"Dollars per Pound",,N/A,N/A,"5 pound Sliced",N/A,2.0725,2.3825,,,N/A,N/A,N/A,N/A
Muenster,"Hard Products",03/07/2011,03/11/2011,"03/07/2011 00:00:00",N/A,N/A,N/A,Cheese,"Point of Sale - Dairy","Dairy Market",1084,MD_DA810,"Cheese - Northeastern U.S.",Final,Dairy,Northeast,N/A,N/A,,Edible,N/A,N/A,"Dollars per Pound",,N/A,N/A,N/A,N/A,2.34,2.545,,,N/A,N/A,N/A,N/A
Swiss,"Hard Products",03/07/2011,03/11/2011,"03/07/2011 00:00:00",N/A,N/A,N/A,Cheese,"Point of Sale - Dairy","Dairy Market",1084,MD_DA810,"Cheese - Northeastern U.S.",Final,Dairy,Northeast,N/A,N/A,,Edible,N/A,N/A,"Dollars per Pound",,N/A,N/A,"10-14 pound Cuts",N/A,3.0125,3.335,,,N/A,N/A,N/A,N/A
Cheddar,"Hard Products",02/28/2011,03/04/2011,"02/28/2011 00:00:00",N/A,N/A,N/A,Cheese,"Point of Sale - Dairy","Dairy Market",1084,MD_DA810,"Cheese - Northeastern U.S.",Final,Dairy,Northeast,N/A,N/A,,Edible,N/A,N/A,"Dollars per Pound",,N/A,N/A,"40 pound Block",N/A,2.3025,2.5775,,,N/A,N/A,N/A,N/A
"Process American","Hard Products",02/28/2011,03/04/2011,"02/28/2011 00:00:00",N/A,N/A,N/A,Cheese,"Point of Sale - Dairy","Dairy Market",1084,MD_DA810,"Cheese - Northeastern U.S.",Final,Dairy,Northeast,N/A,N/A,,Edible,N/A,N/A,"Dollars per Pound",,N/A,N/A,"5 pound Sliced",N/A,2.0525,2.3625,,,N/A,N/A,N/A,N/A
Muenster,"Hard Products",02/28/2011,03/04/2011,"02/28/2011 00:00:00",N/A,N/A,N/A,Cheese,"Point of Sale - Dairy","Dairy Market",1084,MD_DA810,"Cheese - Northeastern U.S.",Final,Dairy,Northeast,N/A,N/A,,Edible,N/A,N/A,"Dollars per Pound",,N/A,N/A,N/A,N/A,2.3225,2.5275,,,N/A,N/A,N/A,N/A
Swiss,"Hard Products",02/28/2011,03/04/2011,"02/28/2011 00:00:00",N/A,N/A,N/A,Cheese,"Point of Sale - Dairy","Dairy Market",1084,MD_DA810,"Cheese - Northeastern U.S.",Final,Dairy,Northeast,N/A,N/A,,Edible,N/A,N/A,"Dollars per Pound",,N/A,N/A,"10-14 pound Cuts",N/A,3.0525,3.375,,,N/A,N/A,N/A,N/A
Cheddar,"Hard Products",02/21/2011,02/25/2011,"02/21/2011 00:00:00",N/A,N/A,N/A,Cheese,"Point of Sale - Dairy","Dairy Market",1084,MD_DA810,"Cheese - Northeastern U.S.",Final,Dairy,Northeast,N/A,N/A,,Edible,N/A,N/A,"Dollars per Pound",,N/A,N/A,"40 pound Block",N/A,2.26,2.535,,,N/A,N/A,N/A,N/A
"Process American","Hard Products",02/21/2011,02/25/2011,"02/21/2011 00:00:00",N/A,N/A,N/A,Cheese,"Point of Sale - Dairy","Dairy Market",1084,MD_DA810,"Cheese - Northeastern U.S.",Final,Dairy,Northeast,N/A,N/A,,Edible,N/A,N/A,"Dollars per Pound",,N/A,N/A,"5 pound Sliced",N/A,2.0125,2.3225,,,N/A,N/A,N/A,N/A
Muenster,"Hard Products",02/21/2011,02/25/2011,"02/21/2011 00:00:00",N/A,N/A,N/A,Cheese,"Point of Sale - Dairy","Dairy Market",1084,MD_DA810,"Cheese - Northeastern U.S.",Final,Dairy,Northeast,N/A,N/A,,Edible,N/A,N/A,"Dollars per Pound",,N/A,N/A,N/A,N/A,2.28,2.485,,,N/A,N/A,N/A,N/A
Swiss,"Hard Products",02/21/2011,02/25/2011,"02/21/2011 00:00:00",N/A,N/A,N/A,Cheese,"Point of Sale - Dairy","Dairy Market",1084,MD_DA810,"Cheese - Northeastern U.S.",Final,Dairy,Northeast,N/A,N/A,,Edible,N/A,N/A,"Dollars per Pound",,N/A,N/A,"10-14 pound Cuts",N/A,3.0525,3.375,,,N/A,N/A,N/A,N/A
Cheddar,"Hard Products",02/14/2011,02/18/2011,"02/14/2011 00:00:00",N/A,N/A,N/A,Cheese,"Point of Sale - Dairy","Dairy Market",1084,MD_DA810,"Cheese - Northeastern U.S.",Final,Dairy,Northeast,N/A,N/A,,Edible,N/A,N/A,"Dollars per Pound",,N/A,N/A,"40 pound Block",N/A,2.2025,2.4775,,,N/A,N/A,N/A,N/A
"Process American","Hard Products",02/14/2011,02/18/2011,"02/14/2011 00:00:00",N/A,N/A,N/A,Cheese,"Point of Sale - Dairy","Dairy Market",1084,MD_DA810,"Cheese - Northeastern U.S.",Final,Dairy,Northeast,N/A,N/A,,Edible,N/A,N/A,"Dollars per Pound",,N/A,N/A,"5 pound Sliced",N/A,1.955,2.265,,,N/A,N/A,N/A,N/A
Muenster,"Hard Products",02/14/2011,02/18/2011,"02/14/2011 00:00:00",N/A,N/A,N/A,Cheese,"Point of Sale - Dairy","Dairy Market",1084,MD_DA810,"Cheese - Northeastern U.S.",Final,Dairy,Northeast,N/A,N/A,,Edible,N/A,N/A,"Dollars per Pound",,N/A,N/A,N/A,N/A,2.2225,2.4275,,,N/A,N/A,N/A,N/A
Swiss,"Hard Products",02/14/2011,02/18/2011,"02/14/2011 00:00:00",N/A,N/A,N/A,Cheese,"Point of Sale - Dairy","Dairy Market",1084,MD_DA810,"Cheese - Northeastern U.S.",Final,Dairy,Northeast,N/A,N/A,,Edible,N/A,N/A,"Dollars per Pound",,N/A,N/A,"10-14 pound Cuts",N/A,3.0525,3.375,,,N/A,N/A,N/A,N/A
Cheddar,"Hard Products",02/07/2011,02/11/2011,"02/07/2011 00:00:00",N/A,N/A,N/A,Cheese,"Point of Sale - Dairy","Dairy Market",1084,MD_DA810,"Cheese - Northeastern U.S.",Final,Dairy,Northeast,N/A,N/A,,Edible,N/A,N/A,"Dollars per Pound",,N/A,N/A,"40 pound Block",N/A,2.095,2.37,,,N/A,N/A,N/A,N/A
"Process American","Hard Products",02/07/2011,02/11/2011,"02/07/2011 00:00:00",N/A,N/A,N/A,Cheese,"Point of Sale - Dairy","Dairy Market",1084,MD_DA810,"Cheese - Northeastern U.S.",Final,Dairy,Northeast,N/A,N/A,,Edible,N/A,N/A,"Dollars per Pound",,N/A,N/A,"5 pound Sliced",N/A,1.8475,2.1575,,,N/A,N/A,N/A,N/A
Muenster,"Hard Products",02/07/2011,02/11/2011,"02/07/2011 00:00:00",N/A,N/A,N/A,Cheese,"Point of Sale - Dairy","Dairy Market",1084,MD_DA810,"Cheese - Northeastern U.S.",Final,Dairy,Northeast,N/A,N/A,,Edible,N/A,N/A,"Dollars per Pound",,N/A,N/A,N/A,N/A,2.115,2.32,,,N/A,N/A,N/A,N/A
Swiss,"Hard Products",02/07/2011,02/11/2011,"02/07/2011 00:00:00",N/A,N/A,N/A,Cheese,"Point of Sale - Dairy","Dairy Market",1084,MD_DA810,"Cheese - Northeastern U.S.",Final,Dairy,Northeast,N/A,N/A,,Edible,N/A,N/A,"Dollars per Pound",,N/A,N/A,"10-14 pound Cuts",N/A,3.0525,3.375,,,N/A,N/A,N/A,N/A
Cheddar,"Hard Products",01/31/2011,02/04/2011,"01/31/2011 00:00:00",N/A,N/A,N/A,Cheese,"Point of Sale - Dairy","Dairy Market",1084,MD_DA810,"Cheese - Northeastern U.S.",Final,Dairy,Northeast,N/A,N/A,,Edible,N/A,N/A,"Dollars per Pound",,N/A,N/A,"40 pound Block",N/A,1.99,2.265,,,N/A,N/A,N/A,N/A
"Process American","Hard Products",01/31/2011,02/04/2011,"01/31/2011 00:00:00",N/A,N/A,N/A,Cheese,"Point of Sale - Dairy","Dairy Market",1084,MD_DA810,"Cheese - Northeastern U.S.",Final,Dairy,Northeast,N/A,N/A,,Edible,N/A,N/A,"Dollars per Pound",,N/A,N/A,"5 pound Sliced",N/A,1.75,2.06,,,N/A,N/A,N/A,N/A
Muenster,"Hard Products",01/31/2011,02/04/2011,"01/31/2011 00:00:00",N/A,N/A,N/A,Cheese,"Point of Sale - Dairy","Dairy Market",1084,MD_DA810,"Cheese - Northeastern U.S.",Final,Dairy,Northeast,N/A,N/A,,Edible,N/A,N/A,"Dollars per Pound",,N/A,N/A,N/A,N/A,2.01,2.215,,,N/A,N/A,N/A,N/A
Swiss,"Hard Products",01/31/2011,02/04/2011,"01/31/2011 00:00:00",N/A,N/A,N/A,Cheese,"Point of Sale - Dairy","Dairy Market",1084,MD_DA810,"Cheese - Northeastern U.S.",Final,Dairy,Northeast,N/A,N/A,,Edible,N/A,N/A,"Dollars per Pound",,N/A,N/A,"10-14 pound Cuts",N/A,3.2325,3.555,,,N/A,N/A,N/A,N/A
Cheddar,"Hard Products",01/24/2011,01/28/2011,"01/24/2011 00:00:00",N/A,N/A,N/A,Cheese,"Point of Sale - Dairy","Dairy Market",1084,MD_DA810,"Cheese - Northeastern U.S.",Final,Dairy,Northeast,N/A,N/A,,Edible,N/A,N/A,"Dollars per Pound",,N/A,N/A,"40 pound Block",N/A,1.83,2.105,,,N/A,N/A,N/A,N/A
"Process American","Hard Products",01/24/2011,01/28/2011,"01/24/2011 00:00:00",N/A,N/A,N/A,Cheese,"Point of Sale - Dairy","Dairy Market",1084,MD_DA810,"Cheese - Northeastern U.S.",Final,Dairy,Northeast,N/A,N/A,,Edible,N/A,N/A,"Dollars per Pound",,N/A,N/A,"5 pound Sliced",N/A,1.59,1.9,,,N/A,N/A,N/A,N/A
Muenster,"Hard Products",01/24/2011,01/28/2011,"01/24/2011 00:00:00",N/A,N/A,N/A,Cheese,"Point of Sale - Dairy","Dairy Market",1084,MD_DA810,"Cheese - Northeastern U.S.",Final,Dairy,Northeast,N/A,N/A,,Edible,N/A,N/A,"Dollars per Pound",,N/A,N/A,N/A,N/A,1.85,2.055,,,N/A,N/A,N/A,N/A
Swiss,"Hard Products",01/24/2011,01/28/2011,"01/24/2011 00:00:00",N/A,N/A,N/A,Cheese,"Point of Sale - Dairy","Dairy Market",1084,MD_DA810,"Cheese - Northeastern U.S.",Final,Dairy,Northeast,N/A,N/A,,Edible,N/A,N/A,"Dollars per Pound",,N/A,N/A,"10-14 pound Cuts",N/A,3.2325,3.555,,,N/A,N/A,N/A,N/A
Cheddar,"Hard Products",01/17/2011,01/21/2011,"01/17/2011 00:00:00",N/A,N/A,N/A,Cheese,"Point of Sale - Dairy","Dairy Market",1084,MD_DA810,"Cheese - Northeastern U.S.",Final,Dairy,Northeast,N/A,N/A,,Edible,N/A,N/A,"Dollars per Pound",,N/A,N/A,"40 pound Block",N/A,1.7875,2.0625,,,N/A,N/A,N/A,N/A
"Process American","Hard Products",01/17/2011,01/21/2011,"01/17/2011 00:00:00",N/A,N/A,N/A,Cheese,"Point of Sale - Dairy","Dairy Market",1084,MD_DA810,"Cheese - Northeastern U.S.",Final,Dairy,Northeast,N/A,N/A,,Edible,N/A,N/A,"Dollars per Pound",,N/A,N/A,"5 pound Sliced",N/A,1.5375,1.8475,,,N/A,N/A,N/A,N/A
Muenster,"Hard Products",01/17/2011,01/21/2011,"01/17/2011 00:00:00",N/A,N/A,N/A,Cheese,"Point of Sale - Dairy","Dairy Market",1084,MD_DA810,"Cheese - Northeastern U.S.",Final,Dairy,Northeast,N/A,N/A,,Edible,N/A,N/A,"Dollars per Pound",,N/A,N/A,N/A,N/A,1.8075,2.0125,,,N/A,N/A,N/A,N/A
Swiss,"Hard Products",01/17/2011,01/21/2011,"01/17/2011 00:00:00",N/A,N/A,N/A,Cheese,"Point of Sale - Dairy","Dairy Market",1084,MD_DA810,"Cheese - Northeastern U.S.",Final,Dairy,Northeast,N/A,N/A,,Edible,N/A,N/A,"Dollars per Pound",,N/A,N/A,"10-14 pound Cuts",N/A,3.2325,3.555,,,N/A,N/A,N/A,N/A
Cheddar,"Hard Products",01/10/2011,01/14/2011,"01/10/2011 00:00:00",N/A,N/A,N/A,Cheese,"Point of Sale - Dairy","Dairy Market",1084,MD_DA810,"Cheese - Northeastern U.S.",Final,Dairy,Northeast,N/A,N/A,,Edible,N/A,N/A,"Dollars per Pound",,N/A,N/A,"40 pound Block",N/A,1.6675,1.9425,,,N/A,N/A,N/A,N/A
"Process American","Hard Products",01/10/2011,01/14/2011,"01/10/2011 00:00:00",N/A,N/A,N/A,Cheese,"Point of Sale - Dairy","Dairy Market",1084,MD_DA810,"Cheese - Northeastern U.S.",Final,Dairy,Northeast,N/A,N/A,,Edible,N/A,N/A,"Dollars per Pound",,N/A,N/A,"5 pound Sliced",N/A,1.445,1.755,,,N/A,N/A,N/A,N/A
Muenster,"Hard Products",01/10/2011,01/14/2011,"01/10/2011 00:00:00",N/A,N/A,N/A,Cheese,"Point of Sale - Dairy","Dairy Market",1084,MD_DA810,"Cheese - Northeastern U.S.",Final,Dairy,Northeast,N/A,N/A,,Edible,N/A,N/A,"Dollars per Pound",,N/A,N/A,N/A,N/A,1.6875,1.8925,,,N/A,N/A,N/A,N/A
Swiss,"Hard Products",01/10/2011,01/14/2011,"01/10/2011 00:00:00",N/A,N/A,N/A,Cheese,"Point of Sale - Dairy","Dairy Market",1084,MD_DA810,"Cheese - Northeastern U.S.",Final,Dairy,Northeast,N/A,N/A,,Edible,N/A,N/A,"Dollars per Pound",,N/A,N/A,"10-14 pound Cuts",N/A,3.2325,3.555,,,N/A,N/A,N/A,N/A
Cheddar,"Hard Products",01/03/2011,01/07/2011,"01/03/2011 00:00:00",N/A,N/A,N/A,Cheese,"Point of Sale - Dairy","Dairy Market",1084,MD_DA810,"Cheese - Northeastern U.S.",Final,Dairy,Northeast,N/A,N/A,,Edible,N/A,N/A,"Dollars per Pound",,N/A,N/A,"40 pound Block",N/A,1.6475,1.9225,,,N/A,N/A,N/A,N/A
"Process American","Hard Products",01/03/2011,01/07/2011,"01/03/2011 00:00:00",N/A,N/A,N/A,Cheese,"Point of Sale - Dairy","Dairy Market",1084,MD_DA810,"Cheese - Northeastern U.S.",Final,Dairy,Northeast,N/A,N/A,,Edible,N/A,N/A,"Dollars per Pound",,N/A,N/A,"5 pound Sliced",N/A,1.44,1.75,,,N/A,N/A,N/A,N/A
Muenster,"Hard Products",01/03/2011,01/07/2011,"01/03/2011 00:00:00",N/A,N/A,N/A,Cheese,"Point of Sale - Dairy","Dairy Market",1084,MD_DA810,"Cheese - Northeastern U.S.",Final,Dairy,Northeast,N/A,N/A,,Edible,N/A,N/A,"Dollars per Pound",,N/A,N/A,N/A,N/A,1.6675,1.8725,,,N/A,N/A,N/A,N/A
Swiss,"Hard Products",01/03/2011,01/07/2011,"01/03/2011 00:00:00",N/A,N/A,N/A,Cheese,"Point of Sale - Dairy","Dairy Market",1084,MD_DA810,"Cheese - Northeastern U.S.",Final,Dairy,Northeast,N/A,N/A,,Edible,N/A,N/A,"Dollars per Pound",,N/A,N/A,"10-14 pound Cuts",N/A,3.2325,3.555,,,N/A,N/A,N/A,N/A
